id,codigo_antigo,codigo_novo
ba93d03d-87ab-4442-b889-f58e2a245228,31,131
6fa5bdf2-df32-47ef-b516-5544d30b9aaf,33,133
b6102f49-39f3-469c-8879-4fe7d9d47d01,35,135
e3edf940-9b10-45c1-81ec-36ed161044a8,37,137
516a20bf-a953-4e54-9dac-f2790b640143,39,139
c26d2d31-e7fd-4f58-8d33-55762fd037ac,22,122
9341a8f2-d3b5-4b7e-8831-7f6531826507,23,123
cec69ad9-83a7-4461-a24c-81752ecf460c,24,124
a29607cd-d06b-4862-b615-5329e309bea2,25,125
09312d26-d203-4d01-8ae9-840cb5ec3b68,26,126
da1294c4-db01-4731-95a1-ac3c9edc9f16,28,128
14b5aec7-022f-44d5-bd9a-8b9d419be820,27,127
05f90840-1d1b-496c-8b4f-ee0952276ea7,40,140
85d76178-1a35-444a-89a3-a6c0dac17940,5,105
c7a1d5e9-666d-4d22-8124-70a0840c180f,13,113
b0d06333-0ae5-4efb-b186-77ee231ce338,14,114
710baf5e-6f49-41b9-ad6a-fd83982008dc,15,115
1e7f5cbc-63e0-4b36-ba9f-8d11fb5149d8,16,116
31693742-3346-4886-8094-9c2a6227ed8e,17,117
b3bd1b5c-aad1-4697-869e-c5926b3c46a4,19,119
816d2b8e-fe9c-4843-8dbb-0c6973040cc6,12,112
9520ac05-6d4f-4310-9ec1-b1f5ab32a71c,2,102
720fb54c-c09c-4a44-874f-83ec636fa9af,3,103
b0f006f8-a8c0-417e-b2f5-ec60bcd0f687,4,104
c0d94773-9240-4bae-9cf2-da861b51765d,6,106
89decae9-6e18-49ec-8efd-da3e3c5da3a9,7,107
7d0dc0ab-55e9-4f08-9210-c91d13538c8d,9,109
7867229b-a03e-4aba-ab70-d635f52856cc,30,130
9308a0c7-9ed0-4047-809e-52b73e201055,32,132
1a9c8e8f-88dc-4fa7-aff6-d9948af11a20,34,134
bcd3c83d-405a-48e2-8747-20fe891291d0,38,138
9c4dc897-8b80-4355-969e-dc03c61ce8dc,1,101
b0eb235a-71a9-4c3a-b69a-e137ebe929b0,10,110
0eb60cf4-3d94-4bc5-af90-aecfe7dcdf40,18,118
86f51e79-8644-4206-928f-e0063cda5517,20,120
8471c8c6-2d4e-4d2e-b05d-03b84e49a0c9,21,121
3c182c8c-c6ee-4cea-accb-6374c968cace,29,129
c2754808-1584-4df2-8d8b-415cf0c4eb62,36,136
fb25215f-67d5-4917-9b98-e671a4ea18b0,8,108
1c7dd950-4a6c-4cb1-8f57-6f3fa5eb1a87,11,111
