codigo_novo;codigo_antigo;slug;titulo;id_wordpress
0001;VRB003;maravilhosa-residencia-assobradada;"Maravilhosa Residência Sobrado";37
0002;VRB002;sensacional-sobrado-planalto;"Sensacional Sobrado Planalto";125
0003;VCh001;chacaracondominiofazendavelha;"Chácara Condomínio Fazenda Velha";137
0004;VRC005;sobrado-condominio-aruja-v;"Sobrado Condomínio Arujá 5";141
0005;VRC003;maravilhosa-residencia-estilo-contemporaneo;"Maravilhosa Residência de Estilo Contemporâneo Arujá Hills I e II";145
0006;VRC001;linda-residencia-campocidade;"Linda Residência Campo/Cidade Arujá Hills I e II";969
0007;VRC002;mansao-no-hills-i;"Mansão no Condomínio Arujá Hills I";1005
0008;VRC004;sobrado-alto-padrao-no-hills-i;"Sobrado Alto Padrão no Condomínio Arujá Hills I";1030
0009;VRB001;casa-no-jordanopolis;"Casa no Jordanópolis";1049
0010;VRC006;casa-estilo-moderno;"Casa Estilo Moderno Condomínio Arujá Hills I e II";1062
0011;VRC007;1077;"Belíssima Casa Assobradada no cond. Hills I";1077
0012;VTC001;terreno-com-pequeno-declive;"Terreno com leve declive Condomínio Arujá Hills I e II";1114
0013;VTC002;terreno-em-declive;"Terreno em declive Condomínio Arujá Hills I e II";1123
0014;VTC003;espetacular-terreno;"Espetacular Terreno Condomínio Arujá Hills I e II";1125
0015;VRC015;linda-casa-de-esquina;"Linda Casa de Esquina Condomínio Arujá 5";1219
0016;VRC016;sobrado-no-aruja-5;"Sobrado no Condomínio Arujá 5";1233
0017;VRC017;casa-nova-e-moderna;"Casa Nova e Moderna Condomínio Arujá 5";1246
0018;VRB005;casa-de-esquina;"Casa de Esquina";1290
0019;VRB006;raridade-casa-terrea;"Raridade Casa Térrea";1308
0020;VRB007;sobrado;"Sobrado";1317
0021;VRC018;maravilhosa-casa-de-campocidade;"Maravilhosa Casa de Campo/Cidade Arujazinho III";1321
0022;VRC019;espetacular-e-cinematografico-imovel;"Espetacular e Cinematográfico Imóvel Arujazinho III";1336
0023;VRC020;maravilhosa-residencia;"Maravilhosa residência Arujazinho III";1365
0024;VRB008;lindo-sobrado-nao-geminado;"Lindo Sobrado NÃO geminado";1385
0025;VRB009;casa-terrea;"Casa Térrea";1403
0026;VRB010;sobrado-2;"Sobrado";1413
0027;VRB011, VICl001;casa-residencial-ou-comercial;"Casa Residencial ou Comercial";1432
0028;VTC001, VTB001;terreno-residencial-ou-comercial;"Terreno Residencial ou Comercial";1513
0029;VRC024;bela-casa-assobradada;"Bela Casa Assobradada Arujá Hills III";1564
0030;VAp001;apartamento-02-dormitorios;"Apartamento 02 dormitórios";1651
0031;VAp002;apartamento-03-dormitorios;"Apartamento 03 dormitórios";1674
0032;VRC026;linda-casa-semi-terrea;"Linda Casa Semi Térrea Arujazinho II";1772
0033;VCh002;chacara-em-condominio-fechado;"Chácara em Condomínio Fechado";1798
0034;VCh004;chacara-em-aruja-sao-domingos;"Chácara em Arujá – São Domingos";1836
0035;VCh005;chacara-aruja-bairro-retiro;"Chácara Arujá – Bairro Retiro";1854
0036;VRC 028;sobrado-estilo-moderno-em-construcao;"Sobrado Estilo Moderno em Construção Arujá Hills III";1961
0037;VIcl 002;predio-comercial-no-centro-de-aruja-2;"Prédio Comercial no Centro de Arujá para Venda ou Locação";1994
0038;VRC029;lindo-sobrado-com-piscina-no-condominio-aruja-5-2;"Lindo Sobrado Com Piscina no Condomínio Arujá 5";2041
0039;LICl001;sala-comercial;"Sala Comercial";
